{
  "CTk": {
    "fg_color": ["#fe339d", "#fe339d"]
  },
  "CTkToplevel": {
    "fg_color": ["#fe339d", "#fe339d"]
  },
  "CTkFrame": {
    "corner_radius": 6,
    "border_width": 2,
    "fg_color": ["#F5F5F5", "#F5F5F5"],
    "top_fg_color": ["#fe339d", "#fe339d"],
    "border_color": ["#000000", "#000000"]
  },
  "CTkButton": {
    "corner_radius": 6,
    "border_width": 2,
    "fg_color": ["#F5F5F5", "#F5F5F5"],
    "hover_color": ["#F5F5F5", "#F5F5F5"],
    "border_color": ["#000000", "#000000"],
    "text_color": ["#000000", "#000000"],
    "text_color_disabled": ["#F5F5F5", "#F5F5F5"]
  },
  "CTkLabel": {
    "corner_radius": 6,
    "fg_color": "transparent",
    "text_color": ["#000000", "#000000"]
  },
  "CTkEntry": {
    "corner_radius": 6,
    "border_width": 2,
    "fg_color": ["#fe339d", "#fe339d"],
    "border_color": ["#000000", "#000000"],
    "text_color":["#000000", "#000000"],
    "placeholder_text_color": ["#F5F5F5", "#F5F5F5"]
  },
  "CTkCheckbox": {
    "corner_radius": 6,
    "border_width": 3,
    "fg_color": ["#000000", "#000000"],
    "border_color": ["#000000", "#000000"],
    "hover_color": ["#000000", "#000000"],
    "checkmark_color": ["#DCE4EE", "gray90"],
    "text_color": ["#000000", "#000000"],
    "text_color_disabled": ["#F5F5F5", "#F5F5F5"]
  },
  "CTkSwitch": {
    "corner_radius": 1000,
    "border_width": 3,
    "button_length": 0,
    "fg_Color": ["#F5F5F5", "#F5F5F5"],
    "progress_color": ["#F5F5F5", "#F5F5F5"],
    "button_color": ["#000000", "#000000"],
    "button_hover_color": ["#fea95c", "#fea95c"],
    "text_color": ["#000000", "#000000"],
    "text_color_disabled": ["#F5F5F5", "#F5F5F5"]
  },
  "CTkRadiobutton": {
    "corner_radius": 1000,
    "border_width_checked": 6,
    "border_width_unchecked": 3,
    "fg_color": ["#000000", "#000000"],
    "border_color": ["#F5F5F5", "#F5F5F5"],
    "hover_color": ["#000000", "#000000"],
    "text_color": ["#000000", "#000000"],
    "text_color_disabled": ["#F5F5F5", "#F5F5F5"]
  },
  "CTkProgressBar": {
    "corner_radius": 1000,
    "border_width": 0,
    "fg_color": ["#F5F5F5", "#F5F5F5"],
    "progress_color": ["#000000", "#000000"],
    "border_color": ["#000000", "#gray10"]
  },
  "CTkSlider": {
    "corner_radius": 1000,
    "button_corner_radius": 1000,
    "border_width": 6,
    "button_length": 0,
    "fg_color": ["#F5F5F5", "#F5F5F5"],
    "progress_color": ["#F5F5F5", "#F5F5F5"],
    "button_color": ["#000000", "#000000"],
    "button_hover_color": [ "#F5F5F5", "#F5F5F5" ]
  },
  "CTkOptionMenu": {
    "corner_radius": 6,
    "fg_color": ["#F5F5F5", "#F5F5F5"],
    "button_color": ["#F5F5F5", "#F5F5F5"],
    "button_hover_color": ["#F5F5F5", "#F5F5F5"],
    "text_color": ["#000000", "#000000"],
    "text_color_disabled": [ "#F5F5F5", "#F5F5F5" ]
  },
  "CTkComboBox": {
    "corner_radius": 6,
    "border_width": 2,
    "fg_color": ["#F5F5F5", "#F5F5F5"],
    "border_color": ["#000000", "#000000"],
    "button_color": ["#F5F5F5", "#F5F5F5"],
    "button_hover_color": ["#F5F5F5", "#F5F5F5"],
    "text_color": ["#000000", "#000000"],
    "text_color_disabled": ["#F5F5F5", "#F5F5F5"]
  },
  "CTkScrollbar": {
    "corner_radius": 1000,
    "border_spacing": 4,
    "fg_color": "transparent",
    "button_color": ["#000000", "#000000"],
    "button_hover_color": ["#F5F5F5", "#F5F5F5"]
  },
  "CTkSegmentedButton": {
    "corner_radius": 6,
    "border_width": 2,
    "fg_color": ["#fe339d", "#fe339d"],
    "selected_color": ["#F5F5F5", "#F5F5F5"],
    "selected_hover_color": ["#F5F5F5", "#F5F5F5"],
    "unselected_color": ["#fe339d", "#fe339d"],
    "unselected_hover_color": ["#F5F5F5", "#F5F5F5"],
    "text_color": ["#000000", "#000000"],
    "text_color_disabled": ["#F5F5F5", "#F5F5F5"]
  },
  "CTkTextbox": {
    "corner_radius": 6,
    "border_width": 2,
    "fg_color": ["#F5F5F5", "#F5F5F5"],
    "border_color": ["#000000", "#000000"],
    "text_color": ["#000000", "#000000"],
    "scrollbar_button_color": ["#000000", "#000000"],
    "scrollbar_button_hover_color": ["#F5F5F5", "#F5F5F5"]
  },
  "CTkScrollableFrame": {
    "label_fg_color": ["#F5F5F5", "#F5F5F5"]
  },
  "DropdownMenu": {
    "fg_color": ["gray90", "gray20"],
    "hover_color": ["gray75", "gray28"],
    "text_color": ["gray10", "gray90"]
  },
  "CTkFont": {
    "macOS": {
      "family": "Calibri",
      "size": 18,
      "weight": "normal"
    },
    "Windows": {
      "family": "Calibri",
      "size": 18,
      "weight": "normal"
    },
    "Linux": {
      "family": "Calibri",
      "size": 18,
      "weight": "normal"
    }
  }
}
